index,a,b,c
0,0.2701,-0.0325,91
1,0.1354,0.4415,79
2,0.1326,-0.1662,13
3,0.0179,0.7340,91
4,0.9721,-0.7181,83
5,0.8806,0.7857,49
6,0.1372,0.4314,18
7,0.0570,0.8844,7
8,0.8393,2.0650,64
9,0.0999,0.1598,81
10,0.1919,0.6869,36
11,0.8432,0.0622,83
12,0.1899,-1.0211,48
13,0.5076,3.7213,60
14,0.2044,-0.0333,54
15,0.2315,2.7443,34
16,0.4361,-1.1113,84
17,0.1882,4.6504,60
18,0.4003,-0.0733,26
19,0.4167,-1.2786,76
20,0.7569,-0.9262,11
21,0.0337,-1.3831,70
22,0.0088,-0.9311,55
23,0.3159,-1.5927,6
24,0.2782,-3.3701,71
25,0.7140,-2.6222,16
26,0.3263,2.1642,74
27,0.1557,2.1213,88
28,0.0737,-0.0040,43
29,0.3297,-1.9564,1
30,0.9899,3.4209,4
31,0.2037,0.1142,3
32,0.6326,-0.7014,64
33,0.8490,-1.7364,55
34,0.2211,1.6277,3
35,0.2339,1.8892,61
36,0.4193,2.8367,11
37,0.2223,-2.6385,47
38,0.0705,-2.3706,65
39,0.8564,1.7302,29
40,0.3271,1.2766,75
41,0.5999,4.0956,29
42,0.6566,-0.6995,75
43,0.1351,1.0024,72
44,0.7709,0.4831,53
45,0.5230,1.7042,21
46,0.8493,-3.3219,62
47,0.7634,-0.8540,26
48,0.7242,-0.7427,41
49,0.9834,2.1867,95
50,0.9349,-1.7143,78
51,0.6781,1.8399,67
52,0.6395,-1.1802,29
53,0.9199,-2.0337,51
54,0.4693,-2.1019,79
55,0.9362,-0.1538,22
56,0.6753,1.1848,57
57,0.3301,1.2433,34
58,0.3307,0.5307,52
59,0.4974,2.6200,90
60,0.8960,-1.8664,23
61,0.4356,-1.6758,94
62,0.9103,1.1823,11
63,0.5271,-3.0676,30
64,0.7979,2.7398,85
65,0.9242,1.4097,25
66,0.2782,0.4802,97
67,0.7088,-1.9907,70
68,0.7083,0.4778,4
69,0.5755,1.6680,31
70,0.8110,1.0816,74
71,0.0527,1.2874,30
72,0.7408,0.6810,14
73,0.0520,1.7155,29
74,0.2263,-1.1762,97
75,0.8738,1.1384,65
76,0.8196,2.5414,66
77,0.5676,-0.2926,13
78,0.0612,0.6082,32
79,0.2533,1.4044,75
80,0.7561,0.5381,61
81,0.8471,-2.8012,4
82,0.5014,-0.6471,79
83,0.5170,0.2171,38
84,0.0059,0.5035,98
85,0.0579,-0.8743,89
86,0.8043,2.1684,72
87,0.1711,0.6225,8
88,0.8167,1.7549,10
89,0.4055,4.3997,59
90,0.7519,-2.7160,8
91,0.7069,-0.1978,65
92,0.4006,0.6004,45
93,0.7129,-0.7686,92
94,0.6834,2.9500,49
95,0.0880,-1.4584,63
96,0.6587,1.5934,39
97,0.4540,1.8721,31
98,0.9872,0.5978,9
99,0.5595,0.4443,96
100,0.5530,-2.2045,38
101,0.2422,-0.4946,86
102,0.8175,-1.1293,89
103,0.3901,-1.3694,41
104,0.7663,3.4539,31
105,0.5937,-0.9278,81
106,0.6649,0.6848,58
107,0.7421,-0.1996,82
108,0.1690,0.2384,4
109,0.5152,-1.1446,91
110,0.7219,0.8580,22
111,0.3061,2.2250,62
112,0.8170,-0.1731,98
113,0.2860,2.3553,21
114,0.7733,2.2537,83
115,0.8253,-2.2277,51
116,0.3261,-0.5056,51
117,0.2685,-1.4435,30
118,0.1555,0.3952,75
119,0.5392,-0.5802,43
120,0.1120,-2.9795,7
121,0.9365,-0.3080,98
122,0.2676,0.4483,6
123,0.3419,0.8488,92
124,0.6299,1.4054,26
125,0.0746,-1.7621,60
126,0.1359,-3.2231,70
127,0.8483,0.2652,69
128,0.0330,0.5046,33
129,0.4730,-3.2886,34
130,0.6522,-0.0094,95
131,0.2526,1.5395,27
132,0.8334,-3.5785,68
133,0.9984,-4.7845,12
134,0.8841,-2.1542,61
135,0.1922,-3.7811,74
136,0.7733,1.7781,63
137,0.9760,0.0957,68
138,0.5269,-1.3846,75
139,0.9643,-1.0007,33
140,0.3672,1.0966,14
141,0.1296,-0.6472,37
142,0.7860,-1.6640,32
143,0.8944,2.3200,22
144,0.9655,1.7424,75
145,0.0954,-1.0646,29
146,0.7834,2.8425,92
147,0.8279,-4.2003,39
148,0.0081,1.7729,33
149,0.0543,1.5479,62
150,0.4964,0.0709,2
151,0.3788,-1.8997,25
152,0.5909,1.6109,95
153,0.0527,-0.8947,52
154,0.5047,-4.1092,56
155,0.3623,-1.7875,39
156,0.9162,0.7809,71
157,0.1602,-2.7783,27
158,0.4606,1.6023,74
159,0.6242,-3.3104,72
160,0.5556,-2.0806,24
161,0.7789,-3.5014,65
162,0.8819,0.9154,0
163,0.7681,2.0824,36
164,0.6493,1.4809,51
165,0.5148,-2.1782,26
166,0.4386,-0.6254,53
167,0.6395,1.3321,87
168,0.3930,1.4126,25
169,0.1134,1.7109,10
170,0.8789,1.7867,19
171,0.1896,1.2669,23
172,0.2750,1.9319,15
173,0.9670,1.7896,23
174,0.6784,3.1779,97
175,0.7689,0.0221,47
176,0.1063,3.4903,4
177,0.3549,-3.2254,52
178,0.9824,-2.4398,74
179,0.8451,1.4039,60
180,0.3793,-0.3221,59
181,0.8799,-2.7274,80
182,0.1843,0.8003,80
183,0.7905,0.3445,50
184,0.1194,-2.7416,27
185,0.7418,1.6774,32
186,0.9494,2.6835,25
187,0.2497,0.7835,57
188,0.6759,1.1501,13
189,0.1447,0.6834,35
190,0.8905,0.3091,41
191,0.2591,-0.9133,43
192,0.7539,3.8087,61
193,0.0290,2.7905,61
194,0.5185,-1.4545,59
195,0.6577,2.8371,55
196,0.0874,-2.7137,57
197,0.5302,-4.8131,5
198,0.9277,-1.4203,21
199,0.9341,-0.7629,72
200,0.8944,0.6273,28
201,0.9663,-0.3262,40
202,0.0309,0.9714,96
203,0.2781,0.3090,71
204,0.1464,-1.6659,73
205,0.2045,-0.6677,54
206,0.9823,-0.1109,18
207,0.7376,0.0748,90
208,0.9562,0.1303,99
209,0.6044,-1.0432,78
210,0.3082,-2.1040,11
211,0.9670,-0.2630,86
212,0.7679,-1.4875,18
213,0.5069,-0.4457,68
214,0.1757,2.1427,12
215,0.6179,2.4648,76
216,0.0954,-2.2426,96
217,0.5753,0.2932,55
218,0.6901,-2.8216,26
219,0.7183,-1.0113,69
220,0.9834,2.6146,30
221,0.1011,-1.7938,72
222,0.9618,1.3070,51
223,0.2426,2.7424,23
224,0.7365,-2.2587,39
225,0.1061,1.0265,44
226,0.0066,-1.8653,93
227,0.1077,1.4940,89
228,0.2118,3.0820,86
229,0.1767,1.5082,76
230,0.2687,0.7499,77
231,0.5587,2.3167,97
232,0.1179,-1.9771,78
233,0.5560,-3.6943,48
234,0.2820,1.3940,18
235,0.6931,-0.6069,63
236,0.6216,-2.8172,58
237,0.1806,2.5942,71
238,0.8321,-2.0415,65
239,0.2730,-3.2653,90
